Blevws = Blevws <Blevws@mycompany.com>
Davirw = Davirw <Davirw@mycompany.com>
Janncr = Janncr <Janncr@mycompany.com>
allan.stewart = allan.stewart <allan.stewart@mycompany.com>
blevws = blevws <blevws@mycompany.com>
chuck.jann = chuck.jann <chuck.jann@mycompany.com>
cory.goleman = cory.goleman <cory.goleman@mycompany.com>
davirw = davirw <davirw@mycompany.com>
dmitriy.samus = dmitriy.samus <dmitriy.samus@mycompany.com>
duncbd = duncbd <duncbd@mycompany.com>
ferrla = ferrla <ferrla@mycompany.com>
figuml = figuml <figuml@mycompany.com>
golecb = golecb <golecb@mycompany.com>
greelf = greelf <greelf@mycompany.com>
henitc = henitc <henitc@mycompany.com>
janncr = janncr <janncr@mycompany.com>
jaskae = jaskae <jaskae@mycompany.com>
mark.chipman = mark.chipman <mark.chipman@mycompany.com>
richard.rosiak = richard.rosiak <richard.rosiak@mycompany.com>
samudv = samudv <samudv@mycompany.com>
shepsm = shepsm <shepsm@mycompany.com>
steve.jones = steve.jones <steve.jones@mycompany.com>
straja = straja <straja@mycompany.com>
tatom = tatom <tatom@mycompany.com>
uhettas = uhettas <uhettas@mycompany.com>
uregile = uregile <uregile@mycompany.com>
uwijawa = uwijawa <uwijawa@mycompany.com>
vgunean = vgunean <vgunean@mycompany.com>
vsilcgy = vsilcgy <vsilcgy@mycompany.com>
